id,mean_acc_[ARSLVQ],current_acc_[ARSLVQ],mean_acc_[MEB$_5$],current_acc_[MEB$_5$],mean_acc_[MEB$_{50}$],current_acc_[MEB$_{50}$],mean_acc_[MEB$_{100}$],current_acc_[MEB$_{100}$],mean_acc_[MEB$_{300}$],current_acc_[MEB$_{300}$],model_size_[ARSLVQ],model_size_[MEB$_5$],model_size_[MEB$_{50}$],model_size_[MEB$_{100}$],model_size_[MEB$_{300}$]
200,0.600000,0.600000,0.800000,0.800000,1.000000,1.000000,1.000000,1.000000,1.000000,1.000000,8.858398,15.540039,29.793945,29.793945,29.793945
390,0.510000,0.510000,0.770000,0.770000,0.925000,0.925000,0.925000,0.925000,0.925000,0.925000,8.858398,19.438477,32.215820,32.215820,32.215820
590,0.517500,0.525000,0.722500,0.675000,0.902500,0.880000,0.902500,0.880000,0.902500,0.880000,8.858398,18.622070,32.426758,32.426758,32.426758
790,0.545000,0.600000,0.740000,0.775000,0.891667,0.870000,0.903333,0.905000,0.903333,0.905000,8.858398,20.043945,37.821289,35.872070,35.872070
990,0.542500,0.535000,0.733750,0.715000,0.888750,0.880000,0.907500,0.920000,0.907500,0.920000,8.858398,19.930664,44.305664,39.981445,39.981445
1190,0.540000,0.530000,0.731000,0.720000,0.880000,0.845000,0.902000,0.880000,0.902000,0.880000,8.858398,20.684570,31.223633,35.493164,35.520508
1390,0.545000,0.570000,0.715000,0.635000,0.882500,0.895000,0.899167,0.885000,0.902500,0.905000,8.858398,21.907227,44.930664,36.125977,30.040039
1590,0.551429,0.590000,0.720714,0.755000,0.877857,0.850000,0.900000,0.905000,0.902857,0.905000,8.858398,18.305664,44.372070,38.633789,36.532227
1790,0.557500,0.600000,0.716250,0.685000,0.880000,0.895000,0.898125,0.885000,0.900625,0.885000,8.858398,21.364258,48.114258,40.657227,39.500977
1990,0.559444,0.575000,0.714444,0.700000,0.880000,0.880000,0.896667,0.885000,0.900000,0.895000,8.858398,21.231445,47.903320,41.532227,36.543945
2190,0.544000,0.405000,0.716500,0.735000,0.869000,0.770000,0.869000,0.620000,0.868000,0.580000,8.858398,22.032227,45.329102,57.458008,52.590820
2390,0.532727,0.420000,0.722273,0.780000,0.852273,0.685000,0.843182,0.585000,0.847273,0.640000,8.858398,20.711914,45.875977,55.157227,54.625977
2590,0.523750,0.425000,0.717917,0.670000,0.835417,0.650000,0.828750,0.670000,0.825000,0.580000,8.858398,22.821289,54.551758,44.125977,60.477539
2790,0.521154,0.490000,0.725385,0.815000,0.829615,0.760000,0.817308,0.680000,0.808462,0.610000,8.858398,19.629883,54.461914,58.059570,62.786133
2990,0.523929,0.560000,0.728214,0.765000,0.815714,0.635000,0.807857,0.685000,0.800357,0.695000,8.858398,20.579102,58.000977,58.461914,63.364258
3190,0.531000,0.630000,0.730000,0.755000,0.807000,0.685000,0.800667,0.700000,0.798333,0.770000,8.858398,19.110352,51.532227,57.059570,58.848633
3390,0.538750,0.655000,0.730313,0.735000,0.800625,0.705000,0.791562,0.655000,0.796562,0.770000,8.858398,21.629883,54.399414,47.122070,59.297852
3590,0.549412,0.720000,0.729412,0.715000,0.793529,0.680000,0.786765,0.710000,0.796765,0.800000,8.858398,21.836914,51.418945,55.028320,64.192383
3790,0.557222,0.690000,0.726389,0.675000,0.790000,0.730000,0.784167,0.740000,0.794722,0.760000,8.858398,20.122070,48.375977,56.434570,68.622070
3990,0.566579,0.735000,0.723684,0.675000,0.786316,0.720000,0.781316,0.730000,0.792368,0.750000,8.858398,23.333008,47.782227,54.020508,67.106445
4190,0.574000,0.715000,0.728750,0.825000,0.787000,0.800000,0.772500,0.605000,0.792500,0.795000,8.858398,21.454102,51.981445,57.665039,68.665039
4390,0.583810,0.780000,0.733571,0.830000,0.790000,0.850000,0.769762,0.715000,0.791190,0.765000,8.858398,25.844727,42.629883,47.668945,61.805664
4590,0.591136,0.745000,0.734545,0.755000,0.795682,0.915000,0.765682,0.680000,0.791364,0.795000,8.858398,21.090820,49.700195,58.934570,67.750977
4790,0.601739,0.835000,0.738696,0.830000,0.798261,0.855000,0.765870,0.770000,0.791957,0.805000,8.858398,19.719727,46.864258,58.059570,60.270508
4990,0.610000,0.800000,0.739375,0.755000,0.800417,0.850000,0.763958,0.720000,0.791042,0.770000,8.858398,23.383789,47.313477,56.079102,58.231445
5190,0.618000,0.810000,0.741400,0.790000,0.804400,0.900000,0.766600,0.830000,0.790600,0.780000,8.858398,19.196289,44.430664,60.223633,70.625977
5390,0.625385,0.810000,0.743462,0.795000,0.804231,0.800000,0.768269,0.810000,0.788462,0.735000,8.858398,20.418945,40.649414,58.379883,66.563477
5590,0.633704,0.850000,0.744259,0.765000,0.804074,0.800000,0.766852,0.730000,0.789444,0.815000,8.858398,20.442383,40.829102,60.270508,67.586914
5790,0.641250,0.845000,0.745714,0.785000,0.806071,0.860000,0.765000,0.715000,0.789464,0.790000,8.858398,26.458008,42.219727,63.145508,67.055664
5990,0.649138,0.870000,0.745172,0.730000,0.805690,0.795000,0.762931,0.705000,0.787759,0.740000,8.858398,22.168945,42.250977,60.711914,61.926758
6190,0.656000,0.855000,0.746500,0.785000,0.806167,0.820000,0.761167,0.710000,0.788000,0.795000,8.858398,24.043945,56.020508,63.661133,59.844727
6390,0.662903,0.870000,0.745484,0.715000,0.806452,0.815000,0.760323,0.735000,0.787742,0.780000,8.858398,24.618164,35.567383,55.567383,66.250977
6590,0.668594,0.845000,0.745469,0.745000,0.809531,0.905000,0.761875,0.810000,0.786094,0.735000,8.858398,18.434570,41.700195,61.684570,66.250977
6790,0.673485,0.830000,0.744545,0.715000,0.811061,0.860000,0.759848,0.695000,0.786667,0.805000,8.858398,21.297852,40.247070,57.200195,63.293945
6990,0.679559,0.880000,0.747794,0.855000,0.812794,0.870000,0.758971,0.730000,0.786912,0.795000,8.858398,23.973633,44.223633,56.727539,65.739258
7190,0.685571,0.890000,0.748429,0.770000,0.815571,0.910000,0.758286,0.735000,0.787286,0.800000,8.858398,20.012695,48.004883,50.250977,64.293945
7390,0.691250,0.890000,0.749861,0.800000,0.818611,0.925000,0.758333,0.760000,0.787361,0.790000,8.858398,22.137695,47.438477,53.192383,60.407227
7590,0.696081,0.870000,0.751757,0.820000,0.820946,0.905000,0.755135,0.640000,0.787703,0.800000,8.858398,21.926758,38.622070,59.672852,62.434570
7790,0.700263,0.855000,0.753158,0.805000,0.821842,0.855000,0.755000,0.750000,0.786974,0.760000,8.858398,22.606445,41.286133,54.305664,59.821289
7990,0.705000,0.885000,0.752308,0.720000,0.822949,0.865000,0.754615,0.740000,0.786538,0.770000,8.858398,20.723633,38.180664,59.157227,62.192383
8190,0.708625,0.850000,0.751500,0.720000,0.824125,0.870000,0.750750,0.600000,0.784750,0.715000,8.858398,24.801758,48.813477,61.290039,60.239258
8390,0.713659,0.915000,0.753902,0.850000,0.826463,0.920000,0.747805,0.630000,0.785122,0.800000,8.858398,26.852539,44.149414,55.340820,66.266602
8590,0.717262,0.865000,0.754048,0.760000,0.828333,0.905000,0.745714,0.660000,0.785595,0.805000,8.858398,19.782227,50.192383,61.165039,72.610352
8790,0.721512,0.900000,0.755465,0.815000,0.828837,0.850000,0.741977,0.585000,0.785000,0.760000,8.858398,22.282227,43.528320,55.649414,63.215820
8990,0.725455,0.895000,0.756136,0.785000,0.830341,0.895000,0.740114,0.660000,0.782159,0.660000,8.858398,21.895508,37.770508,63.583008,67.762695
9190,0.728556,0.865000,0.757000,0.795000,0.832000,0.905000,0.738889,0.685000,0.781222,0.740000,8.858398,21.540039,42.360352,52.153320,62.340820
9390,0.732174,0.895000,0.757609,0.785000,0.834022,0.925000,0.736957,0.650000,0.781196,0.780000,8.858398,20.536133,44.000977,59.711914,65.766602
9590,0.735319,0.880000,0.756702,0.715000,0.834574,0.860000,0.734681,0.630000,0.781702,0.805000,8.858398,23.465820,48.438477,60.262695,65.243164
9790,0.738854,0.905000,0.756979,0.770000,0.835417,0.875000,0.733646,0.685000,0.780937,0.745000,8.858398,20.903320,52.247070,56.172852,66.680664
9990,0.742755,0.930000,0.758367,0.825000,0.836429,0.885000,0.732755,0.690000,0.780102,0.740000,8.858398,19.645508,41.852539,58.094727,70.641602
10190,0.745900,0.900000,0.758200,0.750000,0.837800,0.905000,0.731500,0.670000,0.780400,0.795000,8.858398,21.262695,35.227539,59.774414,68.622070
10390,0.748235,0.865000,0.756373,0.665000,0.837843,0.840000,0.731765,0.745000,0.780196,0.770000,8.858398,21.887695,39.649414,56.239258,61.301758
10590,0.751635,0.925000,0.756731,0.775000,0.839712,0.935000,0.731250,0.705000,0.780000,0.770000,8.858398,26.047852,44.719727,54.661133,60.286133
10790,0.754151,0.885000,0.758302,0.840000,0.839906,0.850000,0.728585,0.590000,0.780566,0.810000,8.858398,19.317383,44.797852,57.649414,65.290039
10990,0.756667,0.890000,0.758519,0.770000,0.839815,0.835000,0.726204,0.600000,0.780463,0.775000,8.858398,22.879883,49.083008,49.723633,61.833008
11190,0.758545,0.860000,0.757091,0.680000,0.839818,0.840000,0.723182,0.560000,0.780636,0.790000,8.858398,22.075195,50.817383,56.223633,62.793945
11390,0.761339,0.915000,0.756250,0.710000,0.839911,0.845000,0.722500,0.685000,0.781161,0.810000,8.858398,24.469727,41.747070,59.747070,64.821289
11590,0.764211,0.925000,0.756228,0.755000,0.839211,0.800000,0.722368,0.715000,0.781404,0.795000,8.858398,15.500977,36.583008,52.157227,65.141602
11790,0.766552,0.900000,0.756810,0.790000,0.839914,0.880000,0.721810,0.690000,0.780431,0.725000,8.858398,16.528320,33.661133,49.856445,69.063477
11990,0.768729,0.895000,0.756017,0.710000,0.840424,0.870000,0.721864,0.725000,0.781102,0.820000,8.858398,20.809570,44.965820,63.145508,71.571289
12190,0.771000,0.905000,0.756000,0.755000,0.841000,0.875000,0.723583,0.825000,0.781250,0.790000,8.858398,17.743164,43.833008,55.215820,68.047852
12390,0.772049,0.835000,0.753770,0.620000,0.840820,0.830000,0.723443,0.715000,0.780656,0.745000,8.858398,21.680664,44.157227,52.243164,65.165039
12590,0.773952,0.890000,0.753145,0.715000,0.840323,0.810000,0.723145,0.705000,0.778871,0.670000,8.858398,19.766602,44.731445,45.715820,72.051758
12790,0.776190,0.915000,0.751667,0.660000,0.839841,0.810000,0.723016,0.715000,0.777460,0.690000,8.858398,22.543945,47.559570,56.086914,60.094727
12990,0.778281,0.910000,0.750859,0.700000,0.839766,0.835000,0.721562,0.630000,0.776641,0.725000,8.858398,22.004883,46.598633,55.895508,65.090820
13190,0.780538,0.925000,0.750077,0.700000,0.840769,0.905000,0.721769,0.735000,0.776385,0.760000,8.858398,22.579102,45.165039,53.887695,65.516602
13390,0.782424,0.905000,0.750227,0.760000,0.841288,0.875000,0.722045,0.740000,0.776136,0.760000,8.858398,21.844727,46.114258,56.661133,66.024414
13590,0.783881,0.880000,0.748955,0.665000,0.841343,0.845000,0.721418,0.680000,0.774925,0.695000,8.858398,20.637695,37.594727,63.098633,59.235352
13790,0.785956,0.925000,0.749853,0.810000,0.841985,0.885000,0.721838,0.750000,0.775221,0.795000,8.858398,18.098633,41.149414,60.825195,62.063477
13990,0.787391,0.885000,0.750507,0.795000,0.842899,0.905000,0.722391,0.760000,0.775870,0.820000,8.858398,18.360352,48.188477,58.778320,63.473633
14190,0.789143,0.910000,0.750643,0.760000,0.843786,0.905000,0.722786,0.750000,0.775929,0.780000,8.858398,21.141602,49.524414,56.801758,61.239258
14390,0.790986,0.920000,0.751338,0.800000,0.844366,0.885000,0.723099,0.745000,0.775845,0.770000,8.858398,17.848633,44.586914,55.356445,61.196289
14590,0.792153,0.875000,0.751319,0.750000,0.845000,0.890000,0.723542,0.755000,0.775833,0.775000,8.858398,21.305664,41.293945,56.872070,47.723633
14790,0.793356,0.880000,0.751986,0.800000,0.845068,0.850000,0.724315,0.780000,0.775959,0.785000,8.858398,25.329102,46.915039,62.239258,61.122070
14990,0.794730,0.895000,0.751554,0.720000,0.844932,0.835000,0.725946,0.845000,0.775946,0.775000,8.858398,22.239258,52.649414,53.633789,59.653320
15190,0.796133,0.900000,0.751133,0.720000,0.844533,0.815000,0.728133,0.890000,0.775667,0.755000,8.858398,19.973633,40.309570,56.036133,60.645508
15390,0.797697,0.915000,0.751316,0.765000,0.845066,0.885000,0.730592,0.915000,0.775855,0.790000,8.858398,21.145508,42.274414,59.536133,63.977539
15590,0.799286,0.920000,0.750519,0.690000,0.845844,0.905000,0.733182,0.930000,0.775390,0.740000,8.858398,24.090820,44.270508,60.508789,59.321289
15790,0.800385,0.885000,0.750833,0.775000,0.846282,0.880000,0.734808,0.860000,0.775897,0.815000,8.858398,21.571289,48.629883,55.961914,57.239258
15990,0.801456,0.885000,0.751456,0.800000,0.846899,0.895000,0.736709,0.885000,0.775949,0.780000,8.858398,22.942383,51.157227,58.149414,60.633789
16190,0.803375,0.955000,0.751750,0.775000,0.848187,0.950000,0.738563,0.885000,0.775937,0.775000,8.858398,17.594727,53.645508,60.055664,59.223633
16390,0.804691,0.910000,0.751111,0.700000,0.848519,0.875000,0.740000,0.855000,0.776049,0.785000,8.858398,20.043945,45.696289,64.684570,57.227539
16590,0.805854,0.900000,0.751463,0.780000,0.848963,0.885000,0.741220,0.840000,0.776098,0.780000,8.858398,16.301758,40.840820,51.942383,59.161133
16790,0.807108,0.910000,0.751506,0.755000,0.848976,0.850000,0.742892,0.880000,0.776024,0.770000,8.858398,20.239258,37.797852,53.625977,51.219727
16990,0.808036,0.885000,0.750417,0.660000,0.849405,0.885000,0.744167,0.850000,0.775655,0.745000,8.858398,22.645508,41.383789,53.204102,59.637695
17190,0.809118,0.900000,0.749000,0.630000,0.850000,0.900000,0.746059,0.905000,0.775471,0.760000,8.858398,22.188477,45.227539,54.133789,57.672852
17390,0.810174,0.900000,0.749767,0.815000,0.850698,0.910000,0.747965,0.910000,0.775814,0.805000,8.858398,21.950195,49.305664,50.313477,63.063477
17590,0.811264,0.905000,0.750575,0.820000,0.850172,0.805000,0.749655,0.895000,0.775690,0.765000,8.858398,21.168945,43.274414,53.688477,60.071289
17790,0.812500,0.920000,0.750511,0.745000,0.850284,0.860000,0.751591,0.920000,0.775909,0.795000,8.858398,21.567383,46.293945,47.688477,59.184570
17990,0.813427,0.895000,0.750393,0.740000,0.850618,0.880000,0.753258,0.900000,0.775843,0.770000,8.858398,22.817383,52.625977,43.731445,59.610352
18190,0.814444,0.905000,0.750722,0.780000,0.850611,0.850000,0.754833,0.895000,0.775667,0.760000,8.858398,26.192383,39.129883,47.735352,64.063477
18390,0.815055,0.870000,0.750714,0.750000,0.850055,0.800000,0.756209,0.880000,0.775110,0.725000,8.858398,20.356445,38.786133,51.079102,63.497070
18590,0.815870,0.890000,0.750978,0.775000,0.850109,0.855000,0.757663,0.890000,0.774837,0.750000,8.858398,20.586914,43.258789,47.125977,57.708008
18790,0.816559,0.880000,0.751183,0.770000,0.850699,0.905000,0.758925,0.875000,0.774785,0.770000,8.858398,24.325195,48.254883,51.149414,57.684570
18990,0.817181,0.875000,0.750426,0.680000,0.850851,0.865000,0.760213,0.880000,0.774734,0.770000,8.858398,19.000977,47.817383,51.161133,62.168945
19190,0.818368,0.930000,0.750947,0.800000,0.851211,0.885000,0.761000,0.835000,0.774579,0.760000,8.858398,17.653320,43.766602,53.254883,55.247070
19390,0.819063,0.885000,0.751302,0.785000,0.850729,0.805000,0.762708,0.925000,0.774062,0.725000,8.858398,23.770508,45.383789,47.219727,66.040039
19590,0.819948,0.905000,0.752010,0.820000,0.850876,0.865000,0.764072,0.895000,0.774124,0.780000,8.858398,15.704102,42.059570,46.532227,61.641602
19790,0.820714,0.895000,0.752194,0.770000,0.850459,0.810000,0.765255,0.880000,0.774184,0.780000,8.858398,17.434570,46.852539,57.540039,64.543945
19990,0.821364,0.885000,0.752172,0.750000,0.850909,0.895000,0.766818,0.920000,0.773535,0.710000,8.858398,21.696289,42.879883,65.086914,66.446289
20190,0.822400,0.925000,0.752250,0.760000,0.850650,0.825000,0.767700,0.855000,0.773650,0.785000,8.858398,19.469727,45.899414,54.727539,61.024414
20390,0.822921,0.875000,0.752376,0.765000,0.850891,0.875000,0.768218,0.820000,0.773168,0.725000,8.858398,22.067383,38.227539,51.090820,64.418945
20590,0.823775,0.910000,0.752990,0.815000,0.850588,0.820000,0.769020,0.850000,0.773088,0.765000,8.858398,22.333008,38.879883,51.442383,65.465820
20790,0.824466,0.895000,0.752476,0.700000,0.850922,0.885000,0.770243,0.895000,0.772864,0.750000,8.858398,21.297852,45.352539,48.543945,60.458008
20990,0.824808,0.860000,0.751971,0.700000,0.850817,0.840000,0.770817,0.830000,0.772740,0.760000,8.858398,18.399414,43.950195,41.653320,56.149414
21190,0.825524,0.900000,0.752333,0.790000,0.850619,0.830000,0.771952,0.890000,0.772238,0.720000,8.858398,22.329102,32.899414,44.192383,61.313477
21390,0.826321,0.910000,0.752925,0.815000,0.851321,0.925000,0.773396,0.925000,0.772689,0.820000,8.858398,22.481445,31.743164,47.028320,61.270508
21590,0.826822,0.880000,0.752383,0.695000,0.851682,0.890000,0.774533,0.895000,0.772383,0.740000,8.858398,22.141602,33.274414,39.211914,55.754883
21790,0.827824,0.935000,0.752963,0.815000,0.852222,0.910000,0.775787,0.910000,0.772500,0.785000,8.858398,18.403320,36.848633,46.821289,54.258789
21990,0.828440,0.895000,0.753349,0.795000,0.852706,0.905000,0.777156,0.925000,0.772385,0.760000,8.858398,23.551758,43.852539,53.325195,57.211914
22190,0.829182,0.910000,0.752955,0.710000,0.852909,0.875000,0.778227,0.895000,0.772364,0.770000,8.858398,20.016602,33.247070,48.750977,59.676758
22390,0.829865,0.905000,0.752658,0.720000,0.852613,0.820000,0.779414,0.910000,0.771937,0.725000,8.858398,15.141602,42.297852,54.208008,53.641602
22590,0.830446,0.895000,0.753080,0.800000,0.852857,0.880000,0.780357,0.885000,0.771875,0.765000,8.858398,19.926758,47.305664,47.579102,61.614258
22790,0.831239,0.920000,0.753363,0.785000,0.853274,0.900000,0.781637,0.925000,0.771903,0.775000,8.858398,23.411133,46.696289,47.028320,66.543945
22990,0.831886,0.905000,0.753158,0.730000,0.853816,0.915000,0.781886,0.810000,0.771886,0.770000,8.858398,20.278320,54.641602,51.497070,63.532227
23190,0.832739,0.930000,0.753739,0.820000,0.854043,0.880000,0.783043,0.915000,0.772087,0.795000,8.858398,19.668945,39.817383,50.547852,68.473633
23390,0.833621,0.935000,0.753793,0.760000,0.854138,0.865000,0.783793,0.870000,0.772284,0.795000,8.858398,20.758789,39.247070,54.442383,63.458008
23590,0.834231,0.905000,0.753803,0.755000,0.854274,0.870000,0.784402,0.855000,0.772607,0.810000,8.858398,21.172852,40.875977,42.329102,48.172852
23790,0.835212,0.950000,0.753263,0.690000,0.854492,0.880000,0.785593,0.925000,0.772585,0.770000,8.858398,17.426758,43.418945,47.418945,57.168945
23990,0.836176,0.950000,0.753235,0.750000,0.855000,0.915000,0.786555,0.900000,0.772689,0.785000,8.858398,24.485352,41.356445,46.266602,61.680664
24190,0.837042,0.940000,0.752375,0.650000,0.855042,0.860000,0.787500,0.900000,0.773125,0.825000,8.858398,19.485352,48.325195,43.793945,61.157227
24390,0.837810,0.930000,0.752851,0.810000,0.855124,0.865000,0.788182,0.870000,0.773802,0.855000,8.858398,23.450195,49.286133,48.309570,55.215820
24590,0.838525,0.925000,0.753033,0.775000,0.855656,0.920000,0.789139,0.905000,0.774139,0.815000,8.858398,17.235352,44.188477,50.379883,62.602539
24790,0.839146,0.915000,0.752683,0.710000,0.855610,0.850000,0.789106,0.785000,0.774024,0.760000,8.858398,21.469727,48.700195,54.911133,62.559570
24990,0.839718,0.910000,0.752016,0.670000,0.856048,0.910000,0.789556,0.845000,0.774274,0.805000,8.858398,21.875977,47.758789,61.879883,62.047852
25190,0.840320,0.915000,0.751680,0.710000,0.856080,0.860000,0.789880,0.830000,0.774560,0.810000,8.858398,24.360352,38.375977,54.915039,62.047852
25390,0.840833,0.905000,0.751548,0.735000,0.856190,0.870000,0.790317,0.845000,0.775040,0.835000,8.858398,22.403320,47.333008,49.243164,63.563477
25590,0.841654,0.945000,0.751693,0.770000,0.856339,0.875000,0.791181,0.900000,0.775394,0.820000,8.858398,21.864258,47.415039,47.122070,59.102539
25790,0.842109,0.900000,0.750469,0.595000,0.856641,0.895000,0.791992,0.895000,0.775156,0.745000,8.858398,21.301758,52.813477,48.692383,60.586914
25990,0.842558,0.900000,0.749767,0.660000,0.856744,0.870000,0.792558,0.865000,0.774767,0.725000,8.858398,18.778320,41.895508,57.704102,63.219727
26190,0.843038,0.905000,0.750269,0.815000,0.857000,0.890000,0.793462,0.910000,0.774923,0.795000,8.858398,23.024414,42.329102,51.680664,62.653320
26390,0.843740,0.935000,0.750344,0.760000,0.857252,0.890000,0.794237,0.895000,0.775344,0.830000,8.858398,23.309570,43.762695,55.235352,60.668945
26590,0.844129,0.895000,0.750265,0.740000,0.857311,0.865000,0.794697,0.855000,0.775492,0.795000,8.858398,21.657227,40.313477,51.606445,63.583008
26790,0.844549,0.900000,0.750301,0.755000,0.856842,0.795000,0.795226,0.865000,0.774962,0.705000,8.858398,16.575195,46.516602,47.723633,65.524414
26990,0.845000,0.905000,0.750075,0.720000,0.856754,0.845000,0.795933,0.890000,0.774925,0.770000,8.858398,18.961914,49.149414,41.266602,65.110352
27190,0.845667,0.935000,0.750259,0.775000,0.856741,0.855000,0.796519,0.875000,0.774556,0.725000,8.858398,25.149414,42.875977,36.200195,56.317383
27390,0.846103,0.905000,0.750221,0.745000,0.856765,0.860000,0.797022,0.865000,0.774596,0.780000,8.858398,19.176758,44.879883,42.180664,58.141602
27590,0.846679,0.925000,0.750657,0.810000,0.856752,0.855000,0.797336,0.840000,0.774635,0.780000,8.858398,20.543945,52.590820,52.290039,63.532227
27790,0.847246,0.925000,0.750290,0.700000,0.857029,0.895000,0.798007,0.890000,0.774384,0.740000,8.858398,21.329102,36.372070,49.758789,53.153320
27990,0.848129,0.970000,0.751007,0.850000,0.857626,0.940000,0.798705,0.895000,0.773741,0.685000,8.858398,22.024414,40.750977,48.723633,58.661133
28190,0.848786,0.940000,0.751286,0.790000,0.857964,0.905000,0.799357,0.890000,0.773821,0.785000,8.858398,20.106445,44.711914,61.215820,52.895508
28390,0.849043,0.885000,0.751489,0.780000,0.857837,0.840000,0.799787,0.860000,0.773652,0.750000,8.858398,21.821289,34.684570,58.215820,58.606445
28590,0.849331,0.890000,0.751620,0.770000,0.858099,0.895000,0.800352,0.880000,0.773944,0.815000,8.858398,16.973633,40.864258,52.622070,58.680664
28790,0.849965,0.940000,0.751399,0.720000,0.858357,0.895000,0.800979,0.890000,0.774231,0.815000,8.858398,20.766602,38.321289,56.008789,62.106445
28990,0.850556,0.935000,0.751285,0.735000,0.858437,0.870000,0.801354,0.855000,0.774444,0.805000,8.858398,25.348633,34.204102,48.602539,62.512695
29190,0.851000,0.915000,0.751483,0.780000,0.858655,0.890000,0.801552,0.830000,0.774103,0.725000,8.858398,19.731445,41.688477,52.493164,62.047852
29390,0.851575,0.935000,0.751712,0.785000,0.858973,0.905000,0.802260,0.905000,0.773801,0.730000,8.858398,21.567383,43.750977,49.481445,58.204102
29590,0.852109,0.930000,0.751701,0.750000,0.859014,0.865000,0.802687,0.865000,0.773299,0.700000,8.858398,22.165039,42.325195,48.168945,54.704102
29790,0.852703,0.940000,0.751824,0.770000,0.859257,0.895000,0.803378,0.905000,0.773041,0.735000,8.858398,25.473633,42.266602,52.055664,62.696289
29990,0.852987,0.895000,0.751879,0.760000,0.858893,0.805000,0.803725,0.855000,0.772819,0.740000,8.858398,26.188477,44.489258,36.676758,70.543945
30190,0.853333,0.905000,0.751933,0.760000,0.858567,0.810000,0.803467,0.765000,0.772633,0.745000,8.858398,22.684570,56.524414,53.809570,68.055664
30390,0.853775,0.920000,0.751821,0.735000,0.858477,0.845000,0.804238,0.920000,0.772815,0.800000,8.858398,22.629883,56.426758,47.110352,69.016602
30590,0.854243,0.925000,0.752368,0.835000,0.858487,0.860000,0.805033,0.925000,0.772961,0.795000,8.858398,19.731445,56.583008,55.149414,66.559570
30790,0.854837,0.945000,0.752516,0.775000,0.858497,0.860000,0.805850,0.930000,0.773235,0.815000,8.858398,19.790039,38.504883,49.680664,64.563477
30990,0.855325,0.930000,0.752987,0.825000,0.858734,0.895000,0.806591,0.920000,0.773344,0.790000,8.858398,17.797852,48.540039,51.602539,59.122070
31190,0.855742,0.920000,0.752871,0.735000,0.858871,0.880000,0.807226,0.905000,0.773065,0.730000,8.858398,18.770508,50.993164,55.114258,60.258789
31390,0.856154,0.920000,0.752596,0.710000,0.858846,0.855000,0.807660,0.875000,0.772724,0.720000,8.858398,16.782227,44.930664,45.559570,61.551758
31590,0.856688,0.940000,0.752548,0.745000,0.859045,0.890000,0.808057,0.870000,0.772930,0.805000,8.858398,22.637695,49.395508,44.106445,63.118164
31790,0.857215,0.940000,0.752722,0.780000,0.858829,0.825000,0.808449,0.870000,0.773101,0.800000,8.858398,18.883789,42.485352,52.090820,65.141602
31990,0.857610,0.920000,0.752170,0.665000,0.858742,0.845000,0.808711,0.850000,0.773145,0.780000,8.858398,17.555664,47.403320,46.747070,63.614258
32190,0.857906,0.905000,0.752188,0.755000,0.858844,0.875000,0.809250,0.895000,0.773031,0.755000,8.858398,22.036133,51.313477,48.286133,65.442383
32390,0.858571,0.965000,0.752484,0.800000,0.858820,0.855000,0.809938,0.920000,0.772857,0.745000,8.858398,20.235352,49.567383,49.204102,62.079102
32590,0.859074,0.940000,0.752037,0.680000,0.858735,0.845000,0.810463,0.895000,0.772870,0.775000,8.858398,22.868164,53.348633,49.161133,58.024414
32790,0.859540,0.935000,0.751043,0.590000,0.858926,0.890000,0.810982,0.895000,0.772945,0.785000,8.858398,23.247070,44.981445,50.122070,63.981445
32990,0.859848,0.910000,0.751067,0.755000,0.858780,0.835000,0.811646,0.920000,0.772652,0.725000,8.858398,19.559570,38.833008,49.215820,69.520508
33190,0.860273,0.930000,0.751545,0.830000,0.858909,0.880000,0.812212,0.905000,0.772818,0.800000,8.858398,20.524414,48.293945,50.176758,58.583008
33390,0.860693,0.930000,0.751657,0.770000,0.859006,0.875000,0.811898,0.760000,0.772590,0.735000,8.858398,29.360352,47.426758,44.821289,61.301758
33590,0.861048,0.920000,0.751826,0.780000,0.859162,0.885000,0.812246,0.870000,0.772365,0.735000,8.858398,15.680664,43.516602,46.829102,57.782227
33790,0.861518,0.940000,0.751815,0.750000,0.859524,0.920000,0.812143,0.795000,0.772054,0.720000,8.858398,21.700195,41.821289,49.200195,60.708008
33990,0.861893,0.925000,0.751923,0.770000,0.859822,0.910000,0.812515,0.875000,0.771746,0.720000,8.858398,21.110352,48.258789,49.665039,63.055664
34190,0.862235,0.920000,0.751618,0.700000,0.860029,0.895000,0.812529,0.815000,0.771176,0.675000,8.858398,18.067383,45.665039,52.672852,64.090820
34390,0.862749,0.950000,0.751462,0.725000,0.860205,0.890000,0.812485,0.805000,0.770994,0.740000,8.858398,24.235352,54.204102,48.180664,60.141602
34590,0.862994,0.905000,0.751337,0.730000,0.860058,0.835000,0.812558,0.825000,0.771105,0.790000,8.858398,24.196289,49.700195,47.754883,64.016602
34790,0.863410,0.935000,0.751301,0.745000,0.859827,0.820000,0.812775,0.850000,0.770751,0.710000,8.858398,23.161133,38.805664,46.153320,52.680664
34990,0.863822,0.935000,0.751149,0.725000,0.860086,0.905000,0.813190,0.885000,0.770259,0.685000,8.858398,21.774414,47.403320,50.208008,59.645508
35190,0.864171,0.925000,0.751086,0.740000,0.860286,0.895000,0.813686,0.900000,0.769600,0.655000,8.858398,19.426758,44.321289,52.696289,62.004883
35390,0.864574,0.935000,0.750625,0.670000,0.860284,0.860000,0.814119,0.890000,0.769006,0.665000,8.858398,23.043945,45.282227,49.172852,70.875977
35590,0.865028,0.945000,0.750169,0.670000,0.860424,0.885000,0.814520,0.885000,0.769181,0.800000,8.858398,19.411133,45.668945,45.590820,63.114258
35790,0.865169,0.890000,0.750393,0.790000,0.860281,0.835000,0.814803,0.865000,0.769157,0.765000,8.858398,16.739258,44.266602,48.059570,64.618164
35990,0.865391,0.905000,0.750335,0.740000,0.860168,0.840000,0.814888,0.830000,0.769162,0.770000,8.858398,22.391602,49.305664,38.836914,51.239258
36190,0.865750,0.930000,0.750333,0.750000,0.860250,0.875000,0.815361,0.900000,0.769222,0.780000,8.858398,24.305664,51.833008,43.715820,63.778320
36390,0.866050,0.920000,0.750193,0.725000,0.860166,0.845000,0.815746,0.885000,0.769171,0.760000,8.858398,20.176758,47.020508,49.204102,62.188477
36590,0.866236,0.900000,0.750412,0.790000,0.860275,0.880000,0.816236,0.905000,0.769231,0.780000,8.858398,24.336914,43.250977,49.215820,64.110352
36790,0.866585,0.930000,0.750902,0.840000,0.860601,0.920000,0.816803,0.920000,0.769617,0.840000,8.858398,18.958008,49.899414,45.200195,64.192383
36990,0.866739,0.895000,0.749891,0.565000,0.860190,0.785000,0.816549,0.770000,0.769484,0.745000,8.858398,18.153320,48.250977,42.540039,65.098633
37190,0.866892,0.895000,0.749216,0.625000,0.860270,0.875000,0.816432,0.795000,0.769595,0.790000,8.858398,19.895508,46.305664,38.047852,65.610352
37390,0.867124,0.910000,0.748898,0.690000,0.860161,0.840000,0.816532,0.835000,0.769435,0.740000,8.858398,26.434570,37.778320,42.036133,58.266602
37590,0.867380,0.915000,0.748957,0.760000,0.860455,0.915000,0.817005,0.905000,0.769545,0.790000,8.858398,22.672852,38.766602,47.532227,61.805664
37790,0.867739,0.935000,0.748910,0.740000,0.860718,0.910000,0.817367,0.885000,0.769415,0.745000,8.858398,24.391602,44.817383,54.504883,64.708008
37990,0.867937,0.905000,0.749074,0.780000,0.860873,0.890000,0.817672,0.875000,0.769180,0.725000,8.858398,18.958008,44.274414,56.551758,62.137695
38190,0.868211,0.920000,0.749132,0.760000,0.860947,0.875000,0.817921,0.865000,0.769026,0.740000,8.858398,19.364258,43.583008,45.086914,71.415039
38390,0.868691,0.960000,0.749084,0.740000,0.861178,0.905000,0.818246,0.880000,0.768613,0.690000,8.858398,18.770508,42.309570,51.704102,62.000977
38590,0.868958,0.920000,0.749375,0.805000,0.861068,0.840000,0.818516,0.870000,0.768490,0.745000,8.858398,26.168945,48.926758,51.168945,68.383789
38790,0.869275,0.930000,0.749508,0.775000,0.860725,0.795000,0.818653,0.845000,0.768782,0.825000,8.858398,21.215820,54.469727,55.243164,62.129883
38990,0.869665,0.945000,0.749820,0.810000,0.860438,0.805000,0.819021,0.890000,0.768814,0.775000,8.858398,22.504883,46.805664,56.602539,58.801758
39190,0.870026,0.940000,0.749462,0.680000,0.860256,0.825000,0.819051,0.825000,0.768436,0.695000,8.858398,23.504883,53.063477,70.739258,60.622070
39390,0.870357,0.935000,0.749592,0.775000,0.860077,0.825000,0.819031,0.815000,0.768444,0.770000,8.858398,20.489258,43.633789,55.016602,55.711914
39590,0.870736,0.945000,0.749772,0.785000,0.860203,0.885000,0.819213,0.855000,0.768477,0.775000,8.858398,24.875977,40.875977,52.110352,58.204102
39790,0.870960,0.915000,0.749621,0.720000,0.860202,0.860000,0.819444,0.865000,0.768434,0.760000,8.858398,22.372070,46.282227,49.684570,64.180664
39990,0.871131,0.905000,0.749749,0.775000,0.860101,0.840000,0.819749,0.880000,0.768543,0.790000,8.858398,22.090820,51.231445,49.079102,62.684570
40190,0.871500,0.945000,0.749975,0.795000,0.860225,0.885000,0.820300,0.930000,0.768500,0.760000,8.858398,21.887695,41.239258,40.536133,61.661133
40390,0.871716,0.915000,0.750249,0.805000,0.860398,0.895000,0.820373,0.835000,0.768458,0.760000,8.858398,25.489258,42.313477,46.180664,59.739258
40590,0.871832,0.895000,0.750322,0.765000,0.860371,0.855000,0.820743,0.895000,0.768663,0.810000,8.858398,21.653320,44.340820,48.719727,61.149414
40790,0.872217,0.950000,0.749631,0.610000,0.860369,0.860000,0.821133,0.900000,0.768719,0.780000,8.858398,20.942383,52.340820,51.145508,61.149414
40990,0.872475,0.925000,0.748971,0.615000,0.860392,0.865000,0.821569,0.910000,0.768652,0.755000,8.858398,20.012695,46.637695,53.055664,63.594727
41190,0.872927,0.965000,0.748439,0.640000,0.860634,0.910000,0.821951,0.900000,0.768390,0.715000,8.858398,24.129883,43.200195,51.551758,64.512695
41390,0.873228,0.935000,0.748568,0.775000,0.860704,0.875000,0.822403,0.915000,0.768350,0.760000,8.858398,26.551758,49.184570,46.102539,65.442383
41590,0.873285,0.885000,0.748309,0.695000,0.860604,0.840000,0.822198,0.780000,0.768237,0.745000,8.858398,23.200195,49.141602,41.672852,63.149414
41790,0.873606,0.940000,0.748726,0.835000,0.860649,0.870000,0.822067,0.795000,0.768293,0.780000,8.858398,21.293945,42.446289,44.704102,67.024414
41990,0.873828,0.920000,0.748278,0.655000,0.860670,0.865000,0.822201,0.850000,0.768182,0.745000,8.858398,21.036133,41.465820,49.071289,70.473633
42190,0.873881,0.885000,0.748262,0.745000,0.860738,0.875000,0.822476,0.880000,0.768167,0.765000,8.858398,18.379883,44.774414,49.059570,67.024414
42390,0.874218,0.945000,0.748294,0.755000,0.860900,0.895000,0.822844,0.900000,0.768341,0.805000,8.858398,19.680664,46.719727,52.571289,67.067383
42590,0.874340,0.900000,0.748797,0.855000,0.860873,0.855000,0.822925,0.840000,0.768349,0.770000,8.858398,20.422852,40.426758,50.137695,64.645508
42790,0.874601,0.930000,0.749038,0.800000,0.860751,0.835000,0.823310,0.905000,0.768568,0.815000,8.858398,26.540039,49.403320,52.239258,65.032227
42990,0.874907,0.940000,0.749089,0.760000,0.860748,0.860000,0.823715,0.910000,0.768154,0.680000,8.858398,19.993164,50.895508,44.844727,62.637695
43190,0.875279,0.955000,0.749093,0.750000,0.860977,0.910000,0.824023,0.890000,0.768256,0.790000,8.858398,19.188477,45.508789,46.735352,64.926758
43390,0.875509,0.925000,0.749560,0.850000,0.860926,0.850000,0.824097,0.840000,0.768472,0.815000,8.858398,19.946289,40.278320,53.235352,66.442383
43590,0.875783,0.935000,0.749608,0.760000,0.860737,0.820000,0.824447,0.900000,0.768664,0.810000,8.858398,25.551758,46.071289,55.762695,61.446289
43790,0.876055,0.935000,0.749587,0.745000,0.860826,0.880000,0.824862,0.915000,0.768555,0.745000,8.858398,21.489258,42.352539,52.825195,61.739258
43990,0.876324,0.935000,0.749703,0.775000,0.860822,0.860000,0.825205,0.900000,0.768584,0.775000,8.858398,20.547852,39.719727,55.770508,62.188477
44190,0.876545,0.925000,0.749886,0.790000,0.860955,0.890000,0.825568,0.905000,0.768523,0.755000,8.858398,22.645508,49.192383,54.809570,65.532227
44390,0.876629,0.895000,0.749910,0.755000,0.860995,0.870000,0.825679,0.850000,0.768801,0.830000,8.858398,22.043945,46.165039,43.172852,59.168945
44590,0.876892,0.935000,0.750293,0.835000,0.860901,0.840000,0.825833,0.860000,0.768964,0.805000,8.858398,20.649414,52.368164,49.028320,58.520508
44790,0.876973,0.895000,0.750269,0.745000,0.860964,0.875000,0.826031,0.870000,0.769013,0.780000,8.858398,21.227539,34.911133,51.993164,63.559570
44990,0.877054,0.895000,0.750000,0.690000,0.861094,0.890000,0.826250,0.875000,0.768929,0.750000,8.858398,18.395508,44.762695,52.106445,66.086914
45190,0.877356,0.945000,0.750089,0.770000,0.861244,0.895000,0.826489,0.880000,0.768933,0.770000,8.858398,24.731445,46.235352,54.575195,63.040039
45390,0.877633,0.940000,0.750177,0.770000,0.861239,0.860000,0.826637,0.860000,0.768982,0.780000,8.858398,19.204102,44.313477,52.602539,63.680664
45590,0.877819,0.920000,0.750198,0.755000,0.861366,0.890000,0.826608,0.820000,0.768943,0.760000,8.858398,17.336914,42.254883,44.075195,57.649414
45790,0.878026,0.925000,0.750022,0.710000,0.861557,0.905000,0.826930,0.900000,0.768443,0.655000,8.858398,25.309570,41.747070,48.528320,61.141602
45990,0.878231,0.925000,0.750175,0.785000,0.861441,0.835000,0.827096,0.865000,0.768559,0.795000,8.858398,22.668945,33.813477,48.653320,56.747070
46190,0.878413,0.920000,0.750217,0.760000,0.861543,0.885000,0.827283,0.870000,0.768587,0.775000,8.858398,21.395508,39.290039,42.922852,60.622070
46390,0.878723,0.950000,0.750303,0.770000,0.861775,0.915000,0.827381,0.850000,0.768788,0.815000,8.858398,26.309570,35.903320,36.575195,62.079102
46590,0.878879,0.915000,0.750431,0.780000,0.861552,0.810000,0.827586,0.875000,0.768470,0.695000,8.858398,18.282227,47.899414,42.594727,61.161133
46790,0.878927,0.890000,0.750107,0.675000,0.861438,0.835000,0.827940,0.910000,0.768519,0.780000,8.858398,20.450195,49.208008,44.079102,64.075195
46990,0.879124,0.925000,0.750000,0.725000,0.861410,0.855000,0.828397,0.935000,0.768376,0.735000,8.858398,23.872070,50.497070,46.043945,65.528320
47190,0.879213,0.900000,0.750064,0.765000,0.861404,0.860000,0.828723,0.905000,0.768383,0.770000,8.858398,24.481445,42.243164,46.629883,62.583008
47390,0.879280,0.895000,0.750169,0.775000,0.861525,0.890000,0.829131,0.925000,0.768326,0.755000,8.858398,17.192383,48.727539,50.657227,66.446289
47590,0.879515,0.935000,0.750000,0.710000,0.861835,0.935000,0.829072,0.815000,0.768439,0.795000,8.858398,25.313477,46.817383,56.723633,65.965820
47790,0.879748,0.935000,0.750147,0.785000,0.861849,0.865000,0.829433,0.915000,0.768214,0.715000,8.858398,22.469727,41.555664,54.110352,58.145508
47990,0.879958,0.930000,0.750502,0.835000,0.862092,0.920000,0.829686,0.890000,0.768452,0.825000,8.858398,19.723633,44.219727,49.114258,64.688477
48190,0.880229,0.945000,0.750750,0.810000,0.862313,0.915000,0.829792,0.855000,0.768333,0.740000,8.858398,20.040039,48.321289,46.688477,62.180664
48390,0.880581,0.965000,0.750913,0.790000,0.862469,0.900000,0.830166,0.920000,0.768257,0.750000,8.858398,21.571289,42.696289,53.106445,50.887695
48590,0.880868,0.950000,0.751095,0.795000,0.862665,0.910000,0.830537,0.920000,0.767955,0.695000,8.858398,19.821289,39.364258,49.661133,59.598633
48790,0.881049,0.925000,0.751091,0.750000,0.862901,0.920000,0.830905,0.920000,0.767510,0.660000,8.858398,20.645508,37.282227,50.653320,62.137695
48990,0.881127,0.900000,0.751148,0.765000,0.862848,0.850000,0.830963,0.845000,0.767275,0.710000,8.858398,18.719727,42.180664,51.559570,59.192383
49190,0.881388,0.945000,0.751224,0.770000,0.863082,0.920000,0.831020,0.845000,0.767163,0.740000,8.858398,22.750977,45.622070,43.098633,60.575195
49390,0.881646,0.945000,0.751301,0.770000,0.863354,0.930000,0.831341,0.910000,0.767154,0.765000,8.858398,26.317383,43.106445,47.208008,58.110352
49590,0.881862,0.935000,0.751296,0.750000,0.863300,0.850000,0.831680,0.915000,0.767024,0.735000,8.858398,15.735352,54.559570,54.797852,59.133789
49790,0.882077,0.935000,0.751290,0.750000,0.863468,0.905000,0.831855,0.875000,0.766835,0.720000,8.858398,21.434570,55.090820,56.227539,53.907227
49990,0.882309,0.940000,0.751325,0.760000,0.863213,0.800000,0.832068,0.885000,0.766586,0.705000,8.858398,18.446289,51.758789,56.661133,57.208008